"ID","Date1","Date2","Localite","Axe","Delai_0","Delai_0_1","Delai_0_2","Delai_0_3","Pop_1","Pop_1_1","Pop_1_2","Pop_1_3","Pop_1_4","Pop_1_6","Pop_1_0","Pop_1_5","Pop_1_5_1","AME_2","AME_2_1","AME_2_2","EHA_3_1","EHA_3_2","EHA_3_3","EHA_3_4","EDU_4_1","EDU_4_2","EDU_4_3","SAN_5_1","SAN_5_2","SAN_6_1","SAN_6_2","SAN_7","SAN_8","SAN_9","SAN_9_1","SAN_10","SA_11","SA_11_1","SA_11_2","SA_12","SA_12_1","SA_12_2","EvalReal","CodeEval","AME_NFI","Education","MultiAppro","MultiRapid","Sante","WASH","AccesLog_1","AccesSec_1","DispRess_1","StabMouv_1","Aucun_1","AccesLog_2","AccesSec_2","MobRess_2","Aucun_2","AccesLog_3","AccesSec_3","Aucun_3","SuiInt_Oui","SuiInt_Non","CodeProv","Province","CodeDist","District","CodeTerr","Territoire","CodeSect","Secteur","CodeGroupe","Groupement","CodeZdS","ZoneSante","CodeAdS","AireSante","Longitude","Latitude","Comment"
1,"2014-04-13","2014-04-23","Mutunda1","Mwenga- Mutunda1",6,0,3,3,452,0,452,0,0,0,7,"2,260",22,4,,4,43,0,16,0,0,,,1,,,,,,,,,21,,21,53,,53,,"20,214,041,011",0,0,1,0,0,0,0,0,0,0,1,0,0,0,1,1,0,0,0,1,,"Sud Kivu",,"Sud Kivu",,"Mwenga",,"Basile",,,,"Mwenga",,,28.396361,-2.8805,
2,"2014-04-13","2014-04-16","Mule","Chifunzi - Mule",5,3,2,0,4307,"1,304",0,"3,003",,,7,"30,838",0,4,5,,19,37,32,3,91,,14,0,0,130,88,75,,3,,130,19,16,,64,78,,,"20,114,041,111",0,0,1,0,0,0,0,0,0,0,0,0,0,0,0,0,0,0,1,0,,"Sud Kivu",,"Sud Kivu",,"Kalehe",,"Bahavu",,"Kalonge",,,,,28.554833,-2.394528,
3,"2014-04-12","2014-04-14","Kaniro","Masisi-kaniro",56,34,4,18,7085,"1,519",0,0,0,"5,566",6,"42,510",0,,,,,,,,,,,0,0,85,124,0,,2,51,64,,,,,,,,"10,614,032,114",0,0,0,0,1,0,0,0,0,0,0,0,0,0,0,0,0,0,0,1,,"Nord Kivu",,"Nord Kivu",,"Masisi",,"Osso Banyungu",,"Buabo",,,,,28.813194,-1.484861,"Evaluation sur alerte à la localité de Kaniro et mushwa au mois de février 2014, et dont le rapport d'évaluation est en cour d'élaboration 
Proposition 
-	Appuyer urgemment le CS en SSP y compris le volet nutritionnel et GBV. 
-	Renforcer les séances d’éducation sanitaire dans les 2 localités pour l’assainissement du milieu.
-	Assister la population déplacée et retournée en vivre, non vivre et Abris.
"
4,"2014-04-07","2014-04-10","Nyabyondo","Sake - Wazlikale",51,34,4,12,3239,923,"2,916",0,0,600,6,"19,437",0,,,,,,,,,,,0,0,100,117,1,,3,39,100,,,,,,,,"10,614,021,516",0,0,0,0,1,0,0,0,0,0,0,0,0,0,0,0,0,0,0,1,,"Nord Kivu",,"Nord Kivu",,"Masisi",,"Osso Banyungu",,"Banyungu",,"Masisi",,,28.736111,-1.315,"Evaluation sur alerte à la localité de nyabyondo au mois de février 2014 dont le rapport est en cours d'élaboration "
5,"2014-04-08","2014-04-10","KALOBA","Kinigi-Luke",51,33,4,13,7567,"3,077",0,0,0,"4,490",6,"45,402",0,,,,,,,,,,,,,66,20,0,,13,12,12,,,,,,,,"10,614,021,515",0,0,0,0,1,0,0,0,0,0,0,0,0,0,0,0,0,0,0,1,,"Nord Kivu",,"Nord Kivu",,"Masisi",,"Osso Banyungu",,,,"Masisi",,,28.745992,-1.538578,"Evaluation sur Alerte à la localité de KALOBA-KASEYNI au mois de février 2014 dont le rapport est en cours d'élaboration 
Gaps :
-	Absence d’un partenaire Santé pour appuyer le PS Katovu qui  servirait cette population en mouvement ;
-	Barrière financière  aux  soins de la part  des déplacés et Retournés ;
-	Faible proportion d’accouchements Assistés Score d’alerte 5 ;
-	Faible taux de consultation curative, CPN par les IDP et retournés score d’alerte 5;
-	Forte présence des IDPS  et des retournés Score d’alerte 5;
-	Faible taux de couverture vaccinale contre la rougeole et DTC score d’alerte 5 ;
-	Taux  de cas de la malnutrition identifié Score d’alerte 3
-	Morbidité élevée chez les moins de 5 ans  score d’alerte 3, 
-	Insuffisance de l’eau  potable occasionnant beaucoup de cas de diarrhées;
-	Pas d’abris pour la population IDPS ;

Actions à envisager:
-	Assurer un appui institutionnel du PS Katovu pour dispenser des soins gratuits à la population déplacée en SSP  y compris le volet nutritionnel ;
-	Rendre disponible les intrants nutritionnels au PS Katovu;
-	Envisager une campagne de vaccination contre la rougeole dans l’ensemble de la localité ; 
-	Prévoir une assistance humanitaire en vivre, non vivre et abris ;
-	Initier la sensibilisation sur le PF.
"
6,"2014-04-03","2014-04-07","Bukiringi","Gety-Boga",,,,,1500,29,"1,471",0,0,0,4,"6,593",24,3,,,18,70,9,44,1,21,,1,0,38,16,4,,,,45,31,,,15,,,,"30,414,031,412",0,0,1,0,0,0,0,0,0,0,0,0,0,0,0,0,0,0,0,0,,"Orientale",,"Ituri",,"Irumu",,,,,,"Boga",,"Boga",,,"MSA réalisée par le partenaire locale AJEDEC "
7,"2014-04-05","2014-04-07","Luke","Kinigi-Luke",45,30,4,10,5417,"1,214",0,0,0,"4,203",6,"32,502",0,,,,,,,,,,,,,99,90,0,,7,51,49,,,,,,,,"10,614,032,113",0,0,0,0,1,0,0,0,0,0,0,0,0,0,0,0,0,0,0,1,,"Nord Kivu",,"Nord Kivu",,"Masisi",,,,,,,,,28.80066,-1.559867,"Evaluation sur alerte à la localité de Luke au mois de février 2014 dont le rapport est en cours d'élaboration et dont voici les constat
-	Forte présence des déplacés dans la contrée (Score d’alerte 5)
-	Forte morbidité chez les moins de 5 ans ( score d’alerte 5), 
-	Inaccessibilité financière aux soins de la part des déplacés
-	Forte présence des retournés 
-	Faible taux de couverture vaccinale contre la rougeole score d’alerte 4 ;
-	Insuffisance de l’eau  potable occasionnant beaucoup de cas de diarrhées;
-	Absence d’un partenaire Santé pour appuyer le CS Luke qui  servirait cette population en mouvement ;
-	Pas d’abris pour la population IDPS ;
Proposition: -	Appuyer urgemment les SSP au CS Luke  y compris le volet nutritionnel ;
-	Envisager d’organiser une campagne de vaccination contre la rougeole dans l’ensemble de la localité ; 
-	Assistance humanitaire en vivre, non vivre et abris ;
-	Initier la sensibilisation sur le PF.

"
8,"2014-04-03","2014-04-06","Kaanja","Masisi centre-Nyabyondo-Kibua",47,23,5,9,988,128,430,,,430,6,"5,928",0,,,,,,,,,,,2,1,86,69,0,,,,0,,,,,,,,"10,614,021,511",0,0,0,0,1,0,0,0,0,0,0,0,0,0,0,0,0,0,0,1,,"Nord Kivu",,"Nord Kivu",,"Masisi",,"Osso Banyungu",,,,"Masisi",,,28.71525,-1.3405,"Evaluation sur l'alerte à la localité de Kaandja au mois de février 2014, après évaluation Le besoin en termes d’appui institutionnel au PS Kaandja se fait sentir (appui en médicaments et besoin de réhabilitation de la structure sanitaire)
Les indicateurs sur le DTC3 et VAR provienent des enquêtes ménage, car au niveau de ce poste de santé il n'y avait presque pas "
9,"2014-04-01","2014-04-05","Bapakombe-Pendekali","Beni - Cantine",,,,,,,,,,,,,,,,,,,,,,,,,,,,,,,,,,,,,,,,,0,0,1,0,0,0,0,0,0,0,0,0,0,0,0,0,0,0,0,0,,"Nord Kivu",,"Nord Kivu",,"Beni",,"Beni Mbau",,"Madiwe",,"Beni",,,29.187667,0.5115,
10,"2014-04-01","2014-04-04","Kahongo",,25,18,5,3,2119,"1,050","1,069",,0,,7,"14,197",60,4,4,4,77,0,4,0,89,64,64,1,0,52,104,0,,,38,9,25,23,28,44,59,30,,,0,0,1,0,0,0,0,0,0,0,1,0,0,0,1,0,0,1,1,0,,"Katanga",,"Tanganika",,"Manono",,"Luvwa",,,,"Kiambi",,,27.753833,-7.685597,
11,"2014-04-02","2014-04-04","Bukumbirire","Kinigi-Katoyi",44,33,4,7,1879,650,312,,0,"1,229",6,"11,304",0,,,,,,,,,,,10,4,100,114,1,,1,25,81,,,,,,,,"10,614,032,114",0,0,0,0,1,0,0,0,0,0,0,0,0,0,0,0,0,0,0,1,,"Nord Kivu",,"Nord Kivu",,"Masisi",,,,,,,,,28.751219,-1.565358,"Evaluation sur alerte à la localité de Bukumbirire au mois de février 2014
Conclusion 
-	Absence d’un partenaire Santé pour appuyer le CS Bukumbirire;
-	Forte morbidité chez les moins de 5 ans, 
-	Faible taux de consultation curative par les IDP;
-	Forte présence des déplacés et des retournés;
-	Barrière financière  aux  soins de la part  des déplacés et Retournés ;
-	Insuffisance de l’eau  potable occasionnant beaucoup de cas de diarrhées
"
12,"2014-04-01","2014-04-03","Gikoro","BURAYI-BUNAGANA",11,0,1,10,2116,0,"2,116",0,0,0,6,"12,696",0,,,,,,,,,,,0,0,96,85,1,,1,18,76,,,,,,,,"10,614,040,111",0,0,0,0,1,0,0,0,0,0,0,0,0,0,0,0,0,0,0,1,,"Nord Kivu",,"Nord Kivu",,"Rutshuru",,"Bwisha",,"Jomba",,"Rwanguba",,,29.5475,-1.318889,"Evaluation sur Alerte à la localité de GIKORO au mois de mars 2014 dont le rapport d'évaluation est en cours d'élaboration "
13,"2014-04-01","2014-04-03","Banabuhini","walikale-Kibua-Masisi",42,25,17,10,1703,413,0,,0,"1,290",6,"10,220",0,,,,,,,,,,,0,0,51,47,0,,,,100,,,,,,,,"10,614,031,412",0,0,0,0,1,0,0,0,0,0,0,0,0,0,0,0,0,0,0,1,,"Nord Kivu",,"Nord Kivu",,"Walikale",,"Wanyanga",,"Ihana",,"Walikale",,,28.363953,-1.268817,"Evaluation à la localité de BANABUHINI sur l'alerte au mois de février 2014 dont le rapport est en cours d'élaboration 
Observation sur cette localité : 
-	CPN 2000fc.
-	Consultation: 2000 fc y compris fiches les cas de palu confirmé reste gratuits avec l’appui de MSF.
-	Maternité 15 USD.
-	CPS :  0 fc.
-	CPN : 2000 fc.
-	Petite chirurgie :
-	Observation  si malria : 20 à 30 USD
"
14,"2014-03-30","2014-04-02","KASHEBERE","KASHEBERE-MACHUMBI",39,28,5,6,3989,106,"1,356",0,0,"2,527",5,"19,938",0,,,,,,,,,,,0,0,60,61,0,,12,56,100,,,,,,,,"10,614,033,011",0,0,0,0,1,0,0,0,0,0,0,0,0,0,0,0,0,0,0,1,,"Nord Kivu",,"Nord Kivu",,"Walikale",,"Wanyanga",,"Bafuna",,,,,28.673628,-1.310139,"Evaluation sur l'Alerte à la localité de KASHEBERE au mois de février 2014 et dont le rapport est en cours d'élaboration,  Une réponse en termes d’appui institutionnel au CS Kibati serait salutaire pour les retournés, déplacés et les résidents qui vivent dans un état de vulnérabilité avancée lié à l’insécurité qui aurait élu domicile dans son aire de santé"
15,"2014-03-29","2014-04-02","Aveba","Gety-Boga",,,,,3078,78,"3,000",0,0,0,4,"13,656",264,3,,,42,26,48,45,11,21,,1,0,19,3,1,,,,14,29,,,14,,,,"30,414,031,411",0,0,1,0,0,0,0,0,0,0,0,0,0,0,0,0,0,0,0,0,,"Orientale",,"Ituri",,"Irumu",,"Walendu _Bindi",,,,"Gethy",,"Aveba",29.860839,1.167217,"MSA réalisé par le partenaire AJEDEC"
16,"2014-03-30","2014-04-01","Katoyi","Rubaya/Kinigi/Bukumbirire",39,30,4,5,5702,"3,046",200,0,,"2,456",6,"34,212",0,,,,,,,,,,,3,1,37,49,0,,4,18,25,,,,,,,,"10,614,032,112",0,0,0,0,1,0,0,0,0,0,0,0,0,0,0,0,0,0,0,1,,"Nord Kivu",,"Nord Kivu",,"Masisi",,"Katoyi",,"Nyalipe",,"Masisi",,,28.723755,-1.568103,"Evaluation sur alerte à la localité de KATOYI au mois de février 2014 et dont le rapport est en cours d'élaboration
conclusion :
-	Absence de partenaire santé dans la zone pour appuyer les SSP ; 
-	Forte présence des IDPS ;
-	Forte prévalence de la malnutrition chez les enfants de moins de 5ans ;
-	Insuffisance  de l’eau potable ;
-	Absence des Toilettes dans la communauté ;
-	Forte mortalité lié à la diarrhée
-	Barrière financière aux soins (score 5) 
-	Manque d’assistance humanitaire  en  vivre et non vivre, abris les déplacés et depuis leur installation ; 
-	Insuffisance manifeste et dangereuse de l’appui au volet UNS et UNTA pour la nutrition.


"
17,"2014-03-28","2014-03-31","Gaki","Ingbokolo-Koboko",14,0,3,11,729,0,729,0,0,0,6,"4,370",21,4,,4,30,4,65,13,,88,,2,1,,,,,,,,26,,26,49,,49,,"30,414,031,413",0,0,1,0,0,0,0,0,0,0,1,0,0,0,1,0,0,1,0,1,,"Orientale",,"Ituri",,"Aru",,"Kakwa",,"Driso",,"Adi",,,30.898017,3.440428,"MSA réalisée après deux autres qui ont été validé dans la même zone"
18,"2014-03-29","2014-03-31","Mpofi","Walikale-Kibua",40,25,8,15,964,301,0,0,,663,6,"5,785",0,,,,,,,,,,,0,0,88,74,2,,7,,74,,,,,,,,"10,614,031,413",0,0,0,0,1,0,0,0,0,0,0,0,0,0,0,0,0,0,0,1,,"Nord Kivu",,"Nord Kivu",,"Walikale",,"Wanyanga",,"Utunda",,"Walikale",,,28.202222,-1.179444,"Evaluation sur Alerte à la localité de Mpofi au mois de février 2014 dont le rapport est en cours élaboration 
"
19,"2014-03-26","2014-03-29","BONDE","MASISI - NYABIONDO",,,,,3487,151,"7,415",,0,"9,265",5,"17,435",0,,,,,,,,,,,0,0,100,141,0,,7,36,71,,,,,,,,"10,614,032,611",0,0,0,0,1,0,0,0,0,0,0,0,0,0,0,0,0,0,0,1,,"Nord Kivu",,"Nord Kivu",,"Masisi",,"Bahunde",,,,"Masisi",,,28.773194,-1.255089,"Evaluation sur l'Alerte à la localité de Bondé Lushebere au mois de mars 2014"
20,"2014-03-27","2014-03-29","Buhumba","Goma-Rutshuru",4,2,2,2,1746,0,"1,746",0,0,0,6,"10,476",0,,,,,,,,,,,0,0,80,53,1,,38,101,66,,,,,,,,"10,614,032,711",0,0,0,0,1,0,0,0,0,0,0,0,0,0,0,0,0,0,0,1,,"Nord Kivu",,"Nord Kivu",,"Nyiragongo",,"Bukumu",,"Buhumba",,"Karisimbi",,,29.346347,-1.524878,"Evaluation sur l'alerte à la localité de Buhumba au mois de mars 2014"
21,"2014-03-27","2014-03-29","Rutingita(Kinigi et Kibabi)","Bihambwe-Kinigi",40,33,4,2,16740,"5,008",0,0,0,"11,732",6,"100,438",0,,,,,,,,,,,0,0,100,116,1,,4,343,86,,,,,,,,"10,614,021,516",0,0,0,0,1,0,0,0,0,0,0,0,0,0,0,0,0,0,0,1,,"Nord Kivu",,"Nord Kivu",,"Masisi",,"Bahunde",,"Mupfuni Kibabi",,"Masisi",,"?? Katembe",28.806152,-1.565358,"Evaluation sur Alerte à la localité de Rutingita au mois de février 2014 dont le rapport est en cours d'élaboration 
Gaps :
-	Forte morbidité chez les moins de 5 ans  score d’alerte 4, 
-	Faible taux d’utilisation de service curatif, CPN, et accouchements assistés, score d’alerte 3;
-	Forte présence des IDPS  et des retournés, Score d’alerte 5;
-	Taux élevé de Mortalité des enfants moins de 5 ans durant le trois derniers mois Score d’alerte 5

Action à envisager :

-	Continuer l’appui assuré aux CS de la localité et 
-	Renforcer les mécanismes de vérification de la gratuité aux personnes déplacées en organisant des descentes d’entretien avec les cibles concernées et auditer les données du curatif et préventif.

"
22,"2014-03-26","2014-03-28","Cheya","Burayi-Bunagana",7,2,5,0,1274,0,"1,274",0,0,0,6,"7,390",46,4,0,4,29,91,33,4,,29,,,,,,,,,,,20,,20,,,,,,0,0,1,0,0,0,0,0,0,0,0,0,0,0,0,0,0,0,0,0,,"Nord Kivu",,"Nord Kivu",,"Rutshuru",,"Bwisha",,"Jomba",,"Rwanguba",,,,,
23,"2014-03-26","2014-03-28","Gikoro","Burayi-Bunagana",7,2,5,0,2150,0,"2,150",0,0,0,6,"12,686",80,4,,4,49,72,6,,61,,,,,,,,,,,,22,,22,,,,,,0,0,1,0,0,0,0,0,0,0,0,0,0,0,0,0,0,0,0,0,,"Nord Kivu",,"Nord Kivu",,"Rutshuru",,"Bwisha",,"Jomba",,"Rwanguba",,,,,
24,"2014-03-26","2014-03-28","CHEYA","Burayi - Bunagana",6,0,1,5,1225,0,"1,225",0,0,,6,"7,386",0,,,,,,,,,,,0,0,100,91,1,,,,79,,,,,,,,"10,614,032,611",0,0,0,0,1,0,0,0,0,0,0,0,0,0,0,0,0,0,0,1,,"Nord Kivu",,"Nord Kivu",,"Rutshuru",,"Bwisha",,"Jomba",,"Rwanguba",,,29.5475,-1.318889,"Evaluation sur Alerte à la localité de CHEYA au mois de mars 2014 et dont le rapport d'évaluation est en cours d'élaboration "
25,"2014-03-24","2014-03-27","Wangita","Ingbokolo-Koboko",10,0,3,7,1034,0,"1,034",0,0,0,6,"6,204",36,4,,4,39,3,65,15,,54,,1,0,,,,,,,,29,,29,52,,52,,"30,414,031,412",0,0,1,0,0,0,0,0,0,0,1,0,0,0,1,0,0,1,0,1,,"Orientale",,"Ituri",,"Aru",,"Kakwa",,"Driso",,"Adi",,,30.816308,3.392278,"MSA réalisée après la réalisation d'une autre MSA validée dans la même zone"
26,"2014-03-24","2014-03-27","Mutakato","Walikale-Mutakato",35,25,8,4,1739,257,0,0,0,"1,536",7,"12,557",0,,,,,,,,,,,0,0,75,76,1,,7,,64,,,,,,,,"10,614,031,411",0,0,0,0,1,0,0,0,0,0,0,0,0,0,0,0,0,0,0,1,,"Nord Kivu",,"Nord Kivu",,"Walikale",,"Wanyanga",,"Banabangi",,"Walikale",,"MUTAKATO",28.092833,-1.254919,"Evaluation sur alerte à la localité de MUTAKATO au mois de Février 2014 et dont le rapport est en cours  d'élaboration 
Au vu de tout ce qui précède, les besoins prioritaires pour cette zone seraient d’identifier les vulnérable comme la population déplacée, indigente et famille d’accueil pour leur apporter des soins à travers deux sites de clinique mobile suivi d’une campagne de vaccination contre la rougeole."
27,"2014-03-24","2014-03-26","KIBATI","GOMA-KANYARUCHINYA",,,,,2839,,"2,839",,,,6,"17,034",0,,,,,,,,,,,0,0,34,15,1,,69,70,44,,,,,,,,"10,614,032,411",0,0,0,0,1,0,0,0,0,0,0,0,0,0,0,0,0,0,0,1,,"Nord Kivu",,"Nord Kivu",,"Nyiragongo",,"Bukumu",,"Mudja",,"Goma",,,29.255289,-1.613917,"Evaluation sur l'Alerte à la localité de KIBATI-KANYARUCHINYA au mois de mars 2014"
28,"2014-03-23","2014-03-24","Katendeji","Kilwa6Katendeji-Dikulushi",43,21,17,5,2185,"1,216",,,,,5,"10,925",44,4,,,64,0,10,1,75,,62,,,,,,,,,,19,,,71,64,81,,"20,214,020,211",0,0,1,0,0,0,0,1,0,0,0,0,0,1,0,1,0,0,1,0,,"Katanga",,"Haut Katanga",,"Pweto",,"Pweto",,,,"Kilwa",,,28.256389,-8.994167,
29,"2014-03-20","2014-03-23","Driso","Ingbokolo-Gaki",5,0,3,2,698,,698,0,0,0,6,"3,434",36,4,,4,55,17,13,12,,0,,0,1,58,69,0,,10,,14,26,,26,51,,51,,"30,414,031,411",0,0,1,0,0,0,0,0,0,0,1,0,0,0,1,0,0,1,0,1,,"Orientale",,"Ituri",,"Aru",,"Kakwa",,"Driso",,"Adi",,,30.798625,3.432889,
30,"2014-03-14","2014-03-14","Diebio","Bangadi-Doruma",21,7,3,11,588,0,588,0,0,0,5,"2,960",17,,,,,,,,,,,,,,,,,,,,,,,,,,,"30,414,022,113",0,0,0,1,0,0,0,0,1,0,0,0,0,1,0,0,0,1,0,1,,"Orientale",,"Haut Uele",,"Dungu",,"Ndolomo",,"Magoloko",,"Doruma",,,28.580933,3.749153,"MSA rapide sans indicateurs réalisée après la réalisation de 2 autres MSA complète validée dans la même zone"
31,"2014-03-12","2014-03-14","Kyaka","Kalemie-Kyaka-Dikulushi",55,21,34,0,6090,727,,,,"5,363",,"35,931",83,4,,,49,13,30,10,84,,94,0,0,44,66,0,,26,,53,25,,,58,72,37,,"20,214,020,611",0,0,1,0,0,0,0,0,0,0,1,0,0,0,1,0,0,1,1,0,,"Katanga",,"Haut Katanga",,"Pweto",,"Pweto",,,,"Nyemba",,,28.282778,-9.1775,
32,"2014-03-09","2014-03-13","Kpasi","Doruma-Banda",17,7,3,7,390,,390,0,0,0,4,"1,833",31,3,,3,42,0,20,10,,,,0,0,,,,,,,,24,,24,62,,62,,"30,414,022,112",0,0,1,0,0,0,0,0,1,0,0,0,0,1,0,0,0,1,0,1,,"Orientale",,"Haut Uele",,"Dungu",,"Ndolomo",,"Gangala",,"Doruma",,,27.457581,4.624336,"La MSA a été précédé par une autre MSA validée dans la même zone"
33,"2014-03-09","2014-03-11","Kyankalamu","Kilwa-Kyankalamu-Dikulushi",52,21,31,0,3446,964,,,,"2,482",7,"23,777",284,4,,,3,0,13,10,90,,66,,,,,,,,,,26,25,,,,,,"20,214,020,611",0,0,1,0,0,0,0,0,0,0,1,0,0,1,0,0,0,1,1,0,,"Katanga",,"Haut Katanga",,"Pweto",,"Pweto",,,,"Kilwa",,,28.3,-9.08,
34,"2014-02-09","2014-03-11","Ndalya","Komanda-Luna",,,,,2918,"1,029",0,217,0,217,6,"17,510",123,,,,,,,,86,0,60,,,,,,,,,,,,,,,,,"3,051,402,091",0,0,1,0,0,0,0,0,0,0,1,0,0,0,1,0,0,1,1,0,,"Orientale",,"Ituri",,"Irumu",,"Walese Vonkutu",,"Bandavisemba",,"Komanda ",,,29.607914,0.961442,
35,"2014-03-08","2014-03-10","Lubila","Isezia-Lubila-Kalaga",19,10,5,4,2365,222,"2,143",,,,7,"15,302",561,4,4,4,39,70,23,3,78,83,27,0,0,42,41,0,,,,,20,,,52,61,50,,"20,214,022,712",0,0,1,0,0,0,0,1,0,0,0,0,1,0,0,1,0,0,0,1,,"Sud Kivu",,"Sud Kivu",,"Shabunda",,"Bakisi",,"Baliga",,"Mulungu",,,28.017778,-2.789444,
36,"2014-03-06","2014-03-08","Mubanga","Kilwa-Mubanga-Pweto",49,21,28,0,4256,314,,"3,942",,,5,"21,280",13,4,,,57,0,5,1,75,,70,1,0,99,95,0,,,,,26,,,34,42,25,,"20,214,020,611",0,0,1,0,0,0,0,0,0,0,1,0,0,1,0,1,0,0,1,0,,"Katanga",,"Haut Katanga",,"Pweto",,"Mpweto",,,,"Kilwa",,,28.343333,-9.08,
37,"2014-03-07","2014-03-08","Ofay","Komanda-Eringeti",4,0,1,3,3021,"1,161",0,125,0,"1,735",6,"13,149",39,4,4,,,,,,,,,,,,,,,,,,24,24,,62,65,,,"30,414,030,312",1,0,0,0,0,0,0,0,0,0,1,0,0,0,1,0,0,1,0,1,,"Orientale",,"Ituri",,"Irumu",,"Walese Vonkutu",,"Bandavisemba",,"Komanda ",,,29.686431,1.182319,"MSA sectorielle AME-sécurité alimentaire"
38,"2014-03-04","2014-03-08","Masombo",,11,7,3,1,408,,408,0,0,0,4,"1,749",11,3,,3,50,0,27,15,,53,,0,0,100,17,0,,9,4,23,23,,23,53,,53,,"30,414,022,111",0,0,1,0,0,0,0,0,1,0,0,0,0,1,0,0,0,1,0,1,,"Orientale",,"Haut Uele",,"Dungu",,"Ndolomo",,"Gangala",,"Doruma",,,27.509078,4.755731,
39,"2014-03-06","2014-03-08","Lubango","Lubero-Bikara-Lubango",10,5,4,1,2614,429,0,24,0,"2,185",6,"15,684",8,,,,,,,,,,,0,0,69,57,0,,2,45,,,,,,,,,"10,614,030,611",0,0,0,0,1,0,0,0,0,0,0,0,0,0,0,0,0,0,0,1,,"Nord Kivu",,"Nord Kivu",,"Lubero",,"Bamate",,"Buhimba",,,,,29.698792,0.068664,"L'évaluation a eu lieu dans la zone de santé d'Alimbongo et l'Aire de santé de Lubango qui ne sont pas répertorié dans notre Base de donnée"
40,"2014-03-03","2014-03-07","Limay-Taduru","Dungu-Duru",10,7,3,0,594,,83,0,0,511,5,"2,690",33,3,,3,23,91,17,52,,70,66,1,0,,,0,,,,0,27,28,27,23,,32,,"30,414,022,811",0,0,1,0,0,0,0,0,1,0,0,0,0,0,1,0,0,1,0,1,,"Orientale",,"Haut Uele",,"Dungu",,"Dungu",,"Bamokandi",,"Dungu",,,28.633117,3.828631,"MSA complète réalisée conjointement par les deux partenaire locale du RRMP (AIDER et AJEDEC) "
41,"2014-02-25","2014-03-07","Mizulo","Tuseswa-Mizulo-Lusenge/Pohe",86,81,4,1,2305,0,"2,305",,,,,"11,525",20,,,,46,0,0,1,,,,,,,,,,,,,,,,,,,,"20,214,022,131",0,0,0,0,0,1,0,1,0,0,0,0,0,0,1,1,0,0,1,0,,"Sud Kivu",,"Sud Kivu",,"Mwenga",,,,,,"Mwenga",,,28.693694,-3.194806,
42,"2014-03-05","2014-03-06","Bwanasura","Komanda-Eringiti",2,0,1,1,1839,768,0,83,0,"1,071",6,"12,037",32,4,4,,,,,,,,,,,,,,,,,,27,27,,64,67,,,"30,414,030,311",1,0,0,0,0,0,0,0,0,0,1,0,0,0,1,0,0,1,0,1,,"Orientale",,"Ituri",,"Irumu",,"Walese Vonkutu",,"Bandavisemba",,"Komanda ",,,29.587806,1.073917,"MSA sectorielle AME et sécurité alimentaire"
43,"2014-02-28","2014-03-05","Izege","Nduba-Izege-Ikoma",2,1,1,0,,,,,,,,,,,,,,,,,,,,,,,,,,,,,,,,,,,,"20,214,022,731",0,0,0,0,0,1,0,0,0,0,1,0,0,0,1,0,0,1,1,0,,"Sud Kivu",,"Sud Kivu",,"Walungu",,"Ngweshe",,"Walungu",,"Walungu",,,28.687286,-2.571111,
44,"2014-03-03","2014-03-05","Dikulushi","Kilwa-Dikulushi",46,21,25,0,3041,"1,885",,,,,5,"15,205",49,4,,,62,0,10,1,80,,30,1,0,95,150,1,,,,,23,,,57,71,40,,"20,214,020,611",0,0,1,0,0,0,0,0,0,0,1,0,0,1,0,0,0,1,1,0,,"Katanga",,"Haut Katanga",,"Pweto",,,,,,"Kilwa",,,28.228333,-8.866944,
45,"2014-02-19","2014-03-04","Kalungamukaba","Penemende-Kalingamukaba-Kimbi Lulenge",71,67,2,2,2950,0,"2,950",0,0,0,5,"14,750",0,,,,47,8,100,49,,,,,,,,,,,,,,,,,,,,"20,214,021,761",0,0,0,0,0,1,0,0,0,0,1,0,0,0,1,1,0,0,1,0,,"Sud Kivu",,"Sud Kivu",,"Fizi",,,,,,"Kimbi Lulenge",,,28.173389,-4.257083,"Évaluation technique WASH permettra de déclencher une nouvelle intervention WASH de construction des sources dans cette zone."
46,"2014-03-02","2014-03-04","Bukombo2","Axe Loashi - Nyabiondo",8,0,3,6,2968,"1,016",,,,"1,952",6,"17,511",0,,,,,,,,,,,0,0,100,143,0,,16,126,78,,,,,,,,"10,614,030,211",0,0,0,0,1,0,0,0,0,0,0,0,0,0,0,0,0,0,1,0,,"Nord Kivu",,"Nord Kivu",,"Masisi",,"Osso Banyungu",,"Biiri",,"Masisi",,,28.772225,-1.330292,"Évaluation sur l'Alerte dans la localité de Mulamba-bukombo à Masisi au mois de février 2014"
47,"2014-02-28","2014-03-03","Kyolo Kashindi","Mitwaba-Kyolo",42,21,12,8,4861,903,"1,536",,0,,5,"24,305",243,4,4,4,74,30,11,3,19,0,12,0,0,82,80,1,,53,72,59,24,22,26,19,26,14,,,0,0,1,0,0,0,0,0,0,0,1,0,0,0,1,0,0,1,0,0,,"Katanga",,"Haut Lomami",,"Malemba Nkulu",,"Museka",,"Kapoya",,"Mukanga",,,27.118889,-8.018542,
48,"2014-02-26","2014-03-01","Ivimbo/Bukomerwa","Kaseghe-Bukomerwa",4,0,3,1,885,,885,0,0,0,6,"5,399",15,5,,5,72,68,6,8,,96,,,,,,,,,,,29,,29,,,,,"10,414,022,113",0,0,1,0,0,0,0,0,0,0,1,0,0,0,1,0,0,1,0,1,,"Nord Kivu",,"Nord Kivu",,"Lubero",,,,,,"Kayna",,,29.115556,-0.524722,"Bukomerwa est une zone homogène de retour progressif qui a commencé en Janvier 2013. La population  retournée a repris ses activités de routine. Les facteurs qui motivent ce retour sont: l'acalmie observée dans la localité suite à la présence des FRDC à Kanyatsi et à Kitobindo, le rétablissement de l'autorité étatique, l'attachement à l'agriculture et les conditions de vie difficile dans les milieux d'accueil. Une école sur trois a ouvert ses portes et organise deux classes. Un poste de santé non viable a ouvert ses portes: la population est obligée d'aller se faire soigner à Bwatsinge. L'absence d'AME est observée dans les ménages Le manque d'hygiène, l'absence des douches et des latrines ont été aussi constatés lors des enquetes ménages."
49,"2014-02-16","2014-02-28","Kalinga","Goma-Sake-Masisi",6,0,5,1,9194,"6,436",,,,"2,758",6,"57,003",574,,,,,,,,,,,0,0,84,99,0,,16,321,100,,,,,,,,"10,614,022,611",0,0,0,0,1,0,0,0,0,0,0,0,0,0,0,0,0,0,0,1,,"Nord Kivu",,"Nord Kivu",,"Masisi",,"Osso Banyungu",,"Biiri",,,,,28.866583,-1.409361,"Evaluation dans la localité de KALINGA sur l'Alerte du mois de février 2014"
50,"2014-02-26","2014-02-28","Kalinga","Goma-Sake-Masisi",19,0,18,1,9194,"6,436",0,126,0,"2,632",6,"57,003",606,4,4,,45,83,22,0,92,,43,0,0,43,60,1,1,15,321,100,22,20,,,,,,"10,414,022,111",0,0,1,0,0,0,0,0,0,0,1,0,1,0,0,0,0,1,0,0,,"Nord Kivu",,"Nord Kivu",,"Masisi",,"Osso Banyungu",,"Biiri",,,,,28.866583,-1.409361,
51,"2014-02-24","2014-02-26","Kasala-Kipuzi","Mitwaba-Mulongo",38,21,12,4,327,94,233,,0,0,6,"2,060",20,4,4,4,78,0,3,6,36,0,,,,,,,,,,,22,22,22,31,40,23,,,0,0,1,0,0,0,0,0,1,0,0,0,0,0,0,0,0,1,0,0,,"Katanga",,"Haut Lomami",,"Malemba Nkulu",,"Museka",,"Kiwala",,"Mulongo",,,27.251778,-7.968411,"Cette localité évaluée ne dispose d'aucune structure de santé, raison pour la quelle les indicateurs clés de santé n'y figurent pas."
52,"2014-02-22","2014-02-24","Kanune","Miriki-Kanune",24,13,5,4,2244,774,"1,470",,0,,7,"15,932",0,,,,,,,,,,,,,36,39,0,,,,9,,,,,,,,"10,614,022,211",0,0,0,0,1,0,0,0,0,0,0,0,0,0,0,0,0,0,0,1,,"Nord Kivu",,"Nord Kivu",,"Walikale",,"Wanyanga",,"Ikobo",,"Pinga",,,28.9825,-0.706667,"Rapport d'évaluation en cours d'élaboration, . Durant cette période un décès d’un enfant a été signalé dans la localité et d’un adulte. Signalons aussi d’autres cas tel que 69 cas de malnutrition, 35 cas d’IST
le tarif élevé, la distance, la sous notification des cas au niveau du centre de santé ainsi que les postes de santé, font que la population de la localité fréquente moins la structure. De même d’autres indicateurs sont au rouge c’est le cas de la couverture en DTC (36%), VAR (39%), Utilisation de la maternité (9%) et CPN (22%) toute de score 5
Le  recours à l’automédication et aux soins traditionnel en sont d’autres causes. Ce qui a été confirmé lors des enquêtes ménages.
"
53,"2014-02-18","2014-02-20","Cinene","Kambali - chabunda - Lukando Byiolwa - Chinene",13,4,3,6,1722,0,"1,722",,,,7,"11,215",56,4,,4,34,0,18,3,,70,,2,1,,,,,,,,20,,20,,,,,"20,114,020,911",0,0,1,0,0,0,0,0,0,0,0,0,0,0,0,0,0,0,0,1,,"Sud Kivu",,"Sud Kivu",,"Kalehe",,"Bahavu",,"Kalima /Kauma",,"Bunyakiri",,,28.408028,-2.080028,
54,"2014-02-16","2014-02-18","Mulinde","Kayna-Miriki",24,13,5,1,5581,680,467,,,"4,434",7,"36,277",0,,,,,,,,,,,,,76,62,0,,,,0,,,,,,,,"10,614,021,611",0,0,0,0,1,0,0,0,0,0,0,0,0,0,0,0,0,0,0,1,,"Nord Kivu",,"Nord Kivu",,"Lubero",,"Batangi",,"Itala",,"Kayna",,,29.057278,-0.713389,"Rapport d'évaluation en cours d'élaboration "
55,"2014-02-16","2014-02-18","Busanga","Luofu-Miriki-Kanune",24,13,5,4,1368,156,"1,212",,,,6,"8,341",0,,,,,,,,,,,2,0,,,0,,,,,,,,,,,,"10,614,021,612",0,0,0,0,1,0,0,0,0,0,0,0,0,0,0,0,0,0,0,1,,"Nord Kivu",,"Nord Kivu",,"Lubero",,"Batangi",,"Itala",,"Kayna",,,,,"Au total 105malades ont consultés la structure sur un total de 2085 soit 5% contre 47.9% dans les enquêtes ménages et 394enfants de moins de 5ans qui ont été conduit à la consultation soit 18% contre 45.1% dans les enquêtes ménages chez les enfants de moins de 5ans. Soit sur une population attendue de 2085 seul  ont fréquenté la structure (Score d’alerte 5) 
pour la population générale, le faible coût de revenu de la population, le tarif élevé ,la sous notification des cas au niveau des postes de santé ainsi que les postes de santé , les manques des médicaments dans les deux structures font que la population de la localité fréquente moins la structure.
Le  recours à l’automédication et aux soins traditionnel en sont d’autres causes. Ce qui a été confirmé lors des enquêtes ménages.
"
56,"2014-02-13","2014-02-17","Bili-Bulumasi","Bili-Bulumasi",,,,,,,,,,,,,,,,,,,,,,,,,,,,,,,,,,,,,,,,,0,1,0,0,0,0,0,0,0,0,1,1,0,0,0,1,0,0,0,1,,"Orientale",,"Bas Uele",,"Bondo",,"Gbiamange",,"Banday",,"Bili",,,24.848819,4.602197,"évaluation réalisée à travers le partenaire AIDER"
57,"2014-02-13","2014-02-17","Bili-Bulumasi","Bili-Bulumasi",,,,,3009,,,,,,,"18,054",,,,,,,,,,,,,,,,,,,,,,,,,,,,,0,1,0,0,0,0,0,0,0,0,1,1,0,0,0,1,0,0,0,1,,"Orientale",,"Bas Uele",,"Bondo",,"Gbiamange",,"Banday",,"Bili",,,24.848819,4.602197,
58,"2014-02-15","2014-02-17","Kampunda","Kalemie-Kampunda-Bendeba",9,1,9,0,2433,"1,315",,,,"1,118",5,"12,895",20,4,4,,46,0,13,1,100,,100,1,0,,,,,,,,17,15,,,,,,,0,0,1,0,0,0,0,0,0,0,1,0,0,0,1,0,0,1,1,0,,"Katanga",,"Tanganika",,"Kalemie",,"Tumbwe",,"Miketo",,"Nyemba",,,29.069222,-5.661917,"Cette localité évaluée ne dispose d'aucune structure de santé, raison pour la quelle les indicateurs clés de santé n'y figurent pas."
59,"2014-02-14","2014-02-16","Byolwa","Bulambika – Kambali",13,4,3,6,629,0,629,,,,7,"4,385",40,4,,4,33,0,11,4,,68,,2,1,,,,,,,,20,,20,,,,,"20,114,020,511",0,0,1,0,0,0,0,0,0,0,0,0,0,0,0,0,0,0,0,1,,"Sud Kivu",,"Sud Kivu",,"Kalehe",,"Bahavu",,"Kalima /Kauma",,"Kalehe ",,,28.443861,-2.192806,
60,"2014-02-14","2014-02-16","Busihe/Kalonge","Goma-Sake-Nyamiktaba",7,0,6,1,6020,879,0,259,0,"4,882",6,"36,722",175,4,4,,84,61,13,0,43,,36,0,3,100,,0,0,7,24,87,26,25,,,,,,"10,414,021,311",0,0,1,0,0,0,0,0,0,0,1,0,0,0,1,0,0,1,0,0,,"Nord Kivu",,"Nord Kivu",,"Masisi",,,,,,"Masisi",,,28.779778,-1.337333,"Busihe/Kalonge est une zone d'accueil des familles déplacés venus des localités de Kahira, Kirumbu et Muhanga suite à l'insecurité occasionnée par les affrontements observés entre les FARDC et les APCLS. La majeure partie est actuellement installée dans un site spontané situé au centre de la notabilité de Muheto tandis que le reste sont installés dans les familles d'accueil"
61,"2014-02-11","2014-02-15","Bili","Ango-Bondo",24,3,11,10,2608,775,0,268,0,"1,625",4,"10,977",31,4,4,,39,76,36,62,83,,0,0,0,4,8,0,,,,20,19,16,,63,79,,,"30,414,011,311",0,0,1,0,0,0,0,0,0,1,0,0,0,1,0,0,1,0,0,1,,"Orientale",,"Bas Uele",,"Bondo",,"Gbiamange",,"Sanza",,"Bili",,,25.173389,4.153556,"MSA réalisé par le partenaire locale AIDER. Le temps de réalisation de cette MSA a souffert de plusieurs problèmes de non accès lié à l'insécurité (équipe en stand by pendant quelques jours avant d'arriver dans la zone) et des difficultés d'accessibilité logistique."
62,"2014-02-12","2014-02-15","Luofu","Kayna-Kanyatsi Tama",20,24,4,1,5127,893,"4,234",0,0,0,6,"30,147",,,,,,,,,,,,,,67,58,0,36,2,64,,,,,,,,,"10,614,021,211",0,0,0,0,1,0,0,0,0,0,0,0,0,0,0,0,0,0,1,0,,"Nord Kivu",,"Nord Kivu",,"Lubero",,"Bamate",,"Tama",,"Kayna",,"Luofu",29.1215,-0.618278,"Intervention en cours "
63,"2014-02-12","2014-02-15","Bunyakaisinga","Kayna- Luofu- Kasiki",20,25,4,1,5127,893,"4,234",,,,6,"30,147",0,,,,,,,,,,,,,67,58,0,0,,,51,,,,,,,,"10,614,021,212",0,0,0,0,1,0,0,0,0,0,0,0,0,0,0,0,0,0,0,1,,"Nord Kivu",,"Nord Kivu",,"Lubero",,"Bamate",,"Tama",,"Kayna",,"Luofu",29.1215,-0.618278,"Rapport d'évaluation en cours d'élaboration "
64,"2014-02-13","2014-02-15","Bunkeya","Likasi-Mitwaba",28,21,6,1,4844,556,"4,288",,0,0,6,"30,033",97,4,4,4,74,66,27,1,96,62,,0,0,40,67,0,,65,22,99,30,29,32,25,36,14,,,0,0,1,0,0,0,0,0,0,0,1,0,0,0,1,0,0,1,0,0,,"Katanga",,"Kolwezi",,"Lubudi",,"Bayeke",,"Bunkeya",,"Bunkeya",,,26.972933,-10.398983,
65,"2014-02-10","2014-02-12","Lukando","Kambali - chabunda - Lukando",9,4,3,2,1296,0,"1,296",,,,7,"8,748",31,4,,4,47,0,7,5,,72,,2,1,,,,,,,,22,,22,,,,,"20,114,020,512",0,0,1,0,0,0,0,0,0,0,0,0,0,0,0,0,0,0,0,1,,"Sud Kivu",,"Sud Kivu",,"Kalehe",,"Bahavu",,"Kalima /Kauma",,"Bunyakiri",,,28.492083,-2.095778,
66,"2014-02-12","2014-02-12","Bwanasura","Komanda-Eringeti",19,0,5,14,2583,"1,071",0,,0,"1,512",,"11,913",,,,,,,,,,,,,,,,,,,,,,,,,,,,"30,414,012,415",0,0,0,1,0,0,0,0,0,0,1,0,0,1,0,0,0,1,0,1,,"Orientale",,"Ituri",,"Irumu",,"Walese Vonkutu",,"Bandavisemba",,"Komanda ",,,29.587806,1.073917,"Evaluation multisectorielle rapide sans indicateurs"
67,"2014-02-08","2014-02-11","Ndalya","Komanda-Eringeti",15,0,5,10,2918,682,0,217,0,"2,019",6,"17,510",123,3,4,,38,23,18,20,86,60,69,0,0,82,75,1,,4,25,89,25,24,,52,56,,,"30,414,012,414",0,0,1,0,0,0,0,0,0,0,1,0,0,1,0,0,0,1,1,0,,"Orientale",,"Ituri",,"Irumu",,"Walese Vonkutu",,"Bandavisemba",,"Komanda ",,,29.604853,0.970425,
68,"2014-02-07","2014-02-11","Bili","Ango-Bondo",,,,,2608,775,0,0,0,"1,833",6,"15,648",0,,,,,,,,83,0,36,,,,,,,,,,,,,,,,,"3,051,402,071",0,1,0,0,0,0,1,0,0,0,0,0,0,0,1,1,0,0,0,1,,"Orientale",,"Bas Uele",,"Bondo",,"Boso",,"Ngbazi",,"Bili",,,25.166931,4.150569,"évaluation réalisée par le partenaire AIDER qui n'est pas encore suivi d'intervention."
69,"2014-02-06","2014-02-10","Bulumasi","Bili-Basopkiyo",29,3,11,15,3008,97,"1,088",43,0,"1,780",6,"16,800",32,4,4,4,49,0,33,57,95,88,79,1,0,28,33,0,,,,6,18,15,18,55,93,52,,"30,414,011,312",0,0,1,0,0,0,0,0,0,1,0,1,0,0,0,0,1,0,0,1,,"Orientale",,"Bas Uele",,"Bondo",,"Gbiamange",,"Banday",,"Bili",,,24.834594,4.614753,"MSA réalisée par le partenaire locale AIDER. La MSA a connu des retard dans sa réalisation à cause des logisiques et sécuritaires."
70,"2014-02-05","2014-02-09","Kabona","Gety-Boga",12,0,5,7,1097,233,779,85,0,0,5,"5,036",93,4,4,4,32,92,4,14,43,21,22,,,,,,,,,,28,28,28,15,15,15,,"30,414,012,417",0,0,1,0,0,0,0,0,0,0,1,0,0,1,0,0,0,1,0,1,,"Orientale",,"Ituri",,"Irumu",,"Walendu _Bindi",,"Boloma",,"Gethy",,"Aveba",30.093614,1.232778,"MSA réalisée par le partenaire locale du RRMP AJEDEC"
71,"2014-02-06","2014-02-08","Cabunda",,9,4,3,2,1381,0,"1,381",,,,7,"9,336",28,4,,4,40,3,1,0,,66,,2,1,,,,,,,,22,,22,,,,,"20,114,020,111",0,0,1,0,0,0,0,0,0,0,0,0,0,0,0,0,0,0,0,1,,"Sud Kivu",,"Sud Kivu",,"Kalehe",,"Bahavu",,"Kalima /Kauma",,"Bunyakiri",,,28.510667,-2.087528,
72,"2014-02-04","2014-02-08","Bwanasura","Komanda-Luna",53,43,9,1,3429,815,0,"2,614",0,815,6,"20,574",,,,,,,,,68,0,53,,,,,,,,,,,,,,,,,"3,051,402,041",0,1,0,0,0,0,0,0,0,1,0,0,0,1,0,0,0,1,1,0,,"Orientale",,"Ituri",,"Irumu",,"Walese Vonkutu",,"Bandavisemba",,"Komanda ",,,29.599167,1.081111,
73,"2014-02-03","2014-02-07","Mwenda",,20,16,3,1,2418,781,"1,096",,,568,6,"14,562",0,,,,,,,,,,,0,0,82,52,0,,,,60,,,,,,,,"10,614,020,311",0,0,0,0,1,0,0,0,0,0,0,0,0,0,0,0,0,0,0,1,,"Nord Kivu",,"Nord Kivu",,"Beni",,"Ruwenzori",,"Bolema",,"Mutwanga",,,29.764708,0.414731,"Evaluation sur l'alerte à la localité de Mwenda au mois de janvier 2014"
74,"2014-02-04","2014-02-07","Katabey","Komanda-Eringeti",11,0,5,6,3152,828,0,217,0,"2,107",6,"15,758",64,4,4,,29,18,14,18,88,81,73,0,1,92,100,57,,3,2,94,25,24,,42,45,,,"30,414,012,413",0,0,1,0,0,0,0,0,0,0,1,0,0,1,0,0,0,1,1,0,,"Orientale",,"Ituri",,"Irumu",,"Walese Vonkutu",,"Bandavisemba",,"Komanda ",,,29.611339,0.922939,
75,"2014-02-04","2014-02-06","Kyavikere/Mwenda","Bulongo-Mwenda ",8,3,6,1,2427,781,"1,078",,0,568,6,"14,562",5,4,4,3,17,86,23,8,73,32,15,0,0,69,49,0,,,,49,,,,40,53,29,,,0,0,1,0,0,0,0,0,0,0,1,0,0,0,1,0,0,1,0,0,,"Nord Kivu",,"Nord Kivu",,"Beni",,"Ruwenzori",,"Bolema",,"Mutwanga",,,29.767228,0.401411,
76,"2014-02-02","2014-02-05","Katabey","Katabey-Bwanasura",,,,,3152,818,0,217,0,217,6,"15,758",64,,,,,,,,88,0,81,,,,,,,,,,,,,,,,,"3,051,401,021",0,0,1,0,0,0,0,0,0,0,1,0,0,0,1,0,0,1,0,1,,"Orientale",,"Ituri",,"Irumu",,"Walese Vonkutu",,"Bandavisemba",,"Komanda ",,,29.611339,0.922939,
77,"2014-02-01","2014-02-05","Dakwa","Ango-Banda",3,1,1,1,1619,305,497,40,0,777,6,"9,369",22,3,4,4,30,94,42,64,38,6,61,0,0,100,100,1,,8,154,100,30,29,31,50,49,50,,"30,414,013,011",0,0,1,0,0,0,0,0,0,0,1,0,0,1,0,0,0,1,0,1,,"Orientale",,"Bas Uele",,"Ango",,"Ezo",,"Ndolomo",,"Ango",,,26.430277,3.998611,"MSA réalisée par le partenaire du RRMP AIDER pendant le stand by à Ango de la mission Bili et Bulumasi"
78,"2014-01-31","2014-02-04","Sorodo","Aveba-Boga",6,0,5,1,1339,397,870,72,0,0,4,"5,343",49,4,4,4,26,83,20,13,7,53,,0,0,,,1,,,,,26,21,26,14,16,14,,"30,414,012,416",0,0,1,0,0,0,0,0,0,0,1,0,0,1,0,0,0,1,0,1,,"Orientale",,"Ituri",,"Irumu",,"Walendu _Bindi",,"Bukiringi",,"Gethy",,,30.042458,1.183522,"MSA réalisée par le partenaire AJEDEC dans le sud Irumu"
79,"2014-01-30","2014-02-03","Luna","Komanda-Eringeti",6,0,5,1,2872,"1,406",0,226,0,"1,240",7,"14,362",87,4,4,,28,22,18,21,74,35,62,0,0,73,79,47,,0,0,67,25,24,,53,56,,,"30,414,012,412",0,0,1,0,0,0,0,0,0,0,1,0,0,1,0,0,0,1,1,0,,"Orientale",,"Ituri",,"Irumu",,"Walese Vonkutu",,"Bandavisemba",,"Komanda ",,,29.617389,0.865164,
80,"2014-01-30","2014-02-03","Luvungi","Katogota-Luvungi-Bwegera",1,0,1,0,9800,,,,,,5,"49,000",,,,,44,,,,,,,,,,,,,,,,,,,,,,,"20,214,012,911",0,0,0,0,0,1,0,0,0,0,1,0,0,0,1,0,0,1,1,0,,"Sud Kivu",,"Sud Kivu",,"Uvira",,"Bafulero",,"Luvungi-Itara",,"Lemera",,,29.019139,-2.862778,
81,"2014-02-02","2014-02-03","Mutwanga","Bulongo-Mwenda",8,3,6,1,4256,326,0,70,0,"3,604",7,"30,772",35,4,4,,29,87,32,23,61,,46,0,0,72,34,1,,,,118,27,25,,62,68,,,,0,0,1,0,0,0,0,0,0,0,0,0,0,0,0,0,0,0,0,0,,"Nord Kivu",,"Nord Kivu",,"Beni",,"Ruwenzori",,"Bolema",,"Mutwanga",,,29.745611,0.339444,
82,"2014-01-30","2014-02-03","Dakwa","Ango-Banda",,,,,1619,305,497,40,0,777,6,"9,714",,,,,,,,,195,446,561,,,,,,,,,,,,,,,,,"3,051,401,301",0,1,0,0,0,0,0,1,0,0,0,0,1,0,0,1,0,0,0,1,,"Orientale",,"Bas Uele",,"Ango",,"Ezo",,"Ndolomo",,"Ango",,,26.430277,3.998611,"évaluation réalisée par l'entremise du partenaire AIDER et non suivi des interventions jusqu'à preuve du contraire."
83,"2014-01-29","2014-02-03","Luna","Komanda-Luna",,,,,2872,"1,406",0,226,0,226,7,"14,362",87,,,,,,,,74,0,35,,,,,,,,,,,,,,,,,"3,051,401,291",0,0,1,0,0,0,0,0,0,0,1,0,0,0,1,0,0,1,0,1,,"Orientale",,"Ituri",,"Irumu",,"Walese Vonkutu",,"Bandavisemba",,"Komanda ",,,29.617767,0.865142,
84,"2014-01-31","2014-02-01","Lugungu","Lugungu-Mapimo",13,3,3,7,2309,163,"2,146",,,,5,"11,545",0,4,,,22,59,64,46,35,2,,1,0,93,89,52,,6,,85,27,,,,,,,"20,114,012,111",0,0,0,1,0,0,0,0,0,0,0,0,0,0,0,0,0,0,0,1,,"Sud Kivu",,"Sud Kivu",,"Shabunda",,"Bakisi",,"Bangoma",,"Lulingu",,"Lugungu",27.267694,-2.565917,
85,"2014-01-30","2014-01-31","Maea/Kambau","Butembo-Kambau",2,0,1,1,3499,406,0,121,0,"3,093",7,"23,992",0,4,4,,,,,,,,,,,,,,,,,,23,23,24,,,,,"10,314,012,811",0,0,1,0,0,0,0,0,0,0,1,0,0,0,1,0,0,1,0,0,,"Nord Kivu",,"Nord Kivu",,"Lubero",,"Bapere",,"Bapakombe",,"Mangurejipa",,"Kambau",28.900833,0.449722,
86,"2014-01-30","2014-01-31","Bulongo","Beni-Kasindi",2,0,1,1,5655,878,0,107,0,"4,777",6,"35,400",22,4,5,,4,,,89,,,,0,0,69,49,0,,,,72,23,20,,66,74,,,,0,0,1,0,0,0,0,0,0,0,1,0,0,0,1,0,0,0,0,0,,"Nord Kivu",,"Nord Kivu",,"Beni",,"Ruwenzori",,"Malambo",,"Beni",,,29.677972,0.331556,
87,"2014-01-30","2014-01-31","Bulongo","Beni-Kasindi",14,12,3,10,5655,878,,107,0,"4,777",6,"35,400",22,,,,,,,,,,,0,0,60,43,0,,,,,,,,,,,,"10,614,013,011",0,0,0,0,1,0,0,0,0,0,0,0,0,0,0,0,0,0,0,1,,"Nord Kivu",,"Nord Kivu",,"Beni",,"Ruwenzori",,,,"Mutwanga",,,29.677972,0.331556,"Rapport  d'évaluation en cours, l'évaluation a été fait dans l'aire de santé de Bulongo-Kitokoli"
88,"2014-01-27","2014-01-30","kirumba","lubero",,,,,13649,854,,,,"12,795",6,"81,898",,,,,,,,,,,,0,0,73,76,0,,3,110,79,,,,,,,,"10,614,012,711",0,0,0,0,1,0,0,0,0,0,0,0,0,0,0,0,0,0,0,1,,"Nord Kivu",,"Nord Kivu",,"Lubero",,"Kirumba",,"Kinawa",,"Kayna",,,28.981934,-0.780005,"Rapport d’évaluation en cours "
89,"2014-01-29","2014-01-30","Masanga",,12,3,3,6,527,101,426,,,,5,,0,4,,,18,44,25,38,24,4,,3,1,88,81,41,,4,,81,26,,,,,,,"20,114,012,011",0,0,0,1,0,0,0,0,0,0,0,0,0,0,0,0,0,0,0,1,,"Sud Kivu",,"Sud Kivu",,"Shabunda",,"Bakisi",,"Bagalo",,,,,27.178428,-2.514639,
90,"2014-01-27","2014-01-30","Kanyabayonga","Goma-Rutshuru-Lubero",7,0,2,5,13769,"2,095",,"1,164",0,"10,510",5,"90,875",230,4,4,,28,84,27,10,65,,50,0,0,62,67,0,0,14,230,86,24,,,,,,,"10,414,012,012",0,0,1,0,0,0,0,0,0,0,1,0,0,0,1,0,0,1,0,0,,"Nord Kivu",,"Nord Kivu",,"Lubero",,"Batangi",,"Itala",,"Kayna",,,29.174194,-0.681361,"La zone évaluée est une agglomération située à cheval sur deux territoires (Lubero et Rutshuru), deux groupements (Itala et Kanyabayonga)."
91,"2014-01-26","2014-01-30","Ima","Aba-Ima",2,0,1,1,1461,0,"1,461",0,0,0,5,"6,880",24,4,,4,43,9,15,17,,85,,0,0,63,86,1,5,5,13,89,29,,27,41,,41,,"30,414,012,411",0,0,1,0,0,0,0,0,0,0,1,0,0,0,1,0,0,1,0,1,,"Orientale",,"Haut Uele",,"Faradje",,"Kakwa",,"Kirikwa",,"Aba",,,30.179444,3.919058,
92,"2014-01-27","2014-01-29","KILYA","BENI-KILYA",13,6,7,2,3976,511,0,,0,"3,465",6,"23,895",3,,,,,,,,,,,0,0,99,78,0,,,,58,,,,,,,,"10,614,012,712",0,0,0,0,1,0,0,0,0,0,0,0,0,0,0,0,0,0,0,1,,"Nord Kivu",,"Nord Kivu",,"Beni",,"Ruwenzori",,"Malambo",,"Mutwanga",,,29.594222,0.388194,"Evaluation sur l'alerte dans la localité de KILYA au mois  de janvier "
93,"2014-01-26","2014-01-29","Kilia","Beni-Kasindi",5,0,1,1,3917,511,0,,0,"3,406",,,,,,,,,,,,,,,,,,,,,,,25,24,,,,,,"10,314,013,121",0,0,1,0,0,0,0,0,0,0,1,0,0,0,1,0,0,1,0,0,,"Nord Kivu",,"Nord Kivu",,"Beni",,"Ruwenzori",,"Malambo",,"Mutwanga",,,,,
94,"2014-01-27","2014-01-29","KANYABAYONGA","Lubero-Kanyabayonga",11,7,2,1,12674,"2,093",,,0,"10,581",6,"76,044",0,,,,,,,,,,,4,2,70,75,0,,16,230,100,,,,,,,,"10,614,012,711",0,0,0,0,1,0,0,0,0,0,0,0,0,0,0,0,0,0,0,1,,"Nord Kivu",,"Nord Kivu",,"Lubero",,"Batangi",,"Itala",,"Kayna",,,29.124756,-0.527336,"Rapport d'évaluation en cours de correction"
95,"2014-01-24","2014-01-29","Nzovu","Luyuyu-nzovu-lwigi",186,181,3,2,,,,,,,,,,,,,,,,,,,,,,,,,,,,,,,,,,,,"20,213,062,013",0,0,0,0,0,1,0,1,0,0,0,0,1,0,0,1,0,0,1,0,,"Sud Kivu",,"Sud Kivu",,"Shabunda",,"Bakisi",,"Bamuguba-Sud",,"Mulungu",,,27.992889,-2.556083,
96,"2014-01-26","2014-01-28","Birundule","Nyanzale- Kanyabayonga",8,0,2,6,4686,813,"2,967",,0,906,6,"29,053",96,4,4,4,43,63,40,19,85,64,16,0,0,88,74,1,,100,,57,23,21,24,43,57,38,,"1,031,401,205",0,0,1,0,0,0,0,0,0,0,0,0,0,0,0,0,0,0,0,0,,"Nord Kivu",,"Nord Kivu",,"Rutshuru",,"Bwito",,"Kanyabayonga",,"Birambizo",,,29.130667,-0.859472,
97,"2014-01-27","2014-01-28","Kasangati",,10,3,3,4,516,69,447,,,,5,,0,4,,,,,,,63,3,,,,,,,,,,,29,,,,,,,"20,114,012,012",0,0,0,1,0,0,0,0,0,0,0,0,0,0,0,0,0,0,0,1,,"Sud Kivu",,"Sud Kivu",,"Shabunda",,"Bakisi",,"Bakiunga",,"Shabunda",,,27.174111,-2.47765,
98,"2014-01-24","2014-01-27","Hutwe","Matembe-Hutwe",4,0,3,1,2365,321,0,0,0,"2,044",6,"13,954",49,4,4,,37,83,20,36,76,,1,0,0,70,65,1,,1,6,89,35,,,,,,,"10,414,012,013",0,0,1,0,0,0,0,0,0,0,1,0,0,0,1,0,0,1,0,1,,"Nord Kivu",,"Nord Kivu",,"Lubero",,"Batangi",,"Musindi",,,,,29.237639,-0.422028,
99,"2014-01-24","2014-01-26","Bulotwa","Kayna-Kanyabayonga",8,7,1,1,4059,488,0,,0,"3,571",6,"24,760",0,,,,,,,,,,,0,0,,,0,,,,39,,,,,,,,"10,614,012,411",0,0,0,0,1,0,0,0,0,0,0,0,0,0,0,0,0,0,0,1,,"Nord Kivu",,"Nord Kivu",,"Lubero",,"Batangi",,"Itala",,"Kayna",,,29.3325,-0.654167,"Rapport d'évaluation en cours, la Couverture vaccinale DTC3 et VAR  n'est pas  intégré "
100,"2014-01-25","2014-01-26","Rugetsi","Beni-Kasindi",6,3,3,2,1903,646,0,0,0,"1,615",6,"12,179",3,,,,,,,,,,,0,0,82,59,0,,,,,,,,,,,,"10,614,012,511",0,0,0,0,1,0,0,0,0,0,0,0,0,0,0,0,0,0,0,1,,"Nord Kivu",,"Nord Kivu",,"Beni",,"Ruwenzori",,"Malambo",,"Mutwanga",,,29.714056,0.223833,"Rapport d'évaluation en cours, l'évaluation a eu lieu dans l'aire de santé de Rugetsi"
101,"2014-01-25","2014-01-26","Masambo","Beni-Kasindi",9,3,1,6,1566,390,0,,,"1,176",6,"8,926",0,,,,,,,,,,,0,0,85,37,0,3,,,77,,,,,,,,"10,614,012,511",0,0,0,0,1,0,0,0,0,0,0,0,0,0,0,0,0,0,0,1,,"Nord Kivu",,"Nord Kivu",,"Beni",,"Ruwenzori",,"Basongera",,"Mutwanga",,,29.658333,0.1875,"Rapport d'évaluation en cours d'élaboration "
102,"2014-01-24","2014-01-26","Mpiana","Manono-Shamwana",15,0,5,10,1429,695,734,,,0,6,"8,990",38,4,4,3,74,64,7,3,87,0,23,0,0,100,242,1,,20,18,38,24,22,26,,,,,,0,0,0,1,0,0,0,0,0,0,1,0,0,1,0,0,0,1,0,1,,"Katanga",,"Tanganika",,"Manono",,"Luvwa",,,,"Kiambi",,,28.096233,-7.651933,
103,"2014-01-24","2014-01-26","MIRANGI",,9,8,7,0,2054,356,,,,"1,698",5,"10,270",,,,,,,,,,,,0,0,,65,1,,,,26,,,,,,,,"10,614,012,411",0,0,0,0,1,0,0,0,0,0,0,0,0,0,0,0,0,0,0,1,,"Nord Kivu",,"Nord Kivu",,"Rutshuru",,"Bwito",,,,"Birambizo",,,29.047852,-0.902215,"En annexe rapport d'évaluation "
104,"2014-01-23","2014-01-26","Kyanderema/Luofu","Kayna-Buniatenge",4,0,3,1,3686,502,"3,184",0,0,0,6,"22,485",211,4,4,3,42,86,12,20,6,62,,0,0,85,77,1,,9,141,57,24,,,,,,,"10,414,012,016",0,0,1,0,0,0,0,0,0,0,1,0,0,0,1,1,0,0,0,1,,"Nord Kivu",,"Nord Kivu",,"Lubero",,"Bamate",,"Tama",,"Kayna",,"Luofu",29.102397,-0.602775,
105,"2014-01-24","2014-01-26","Bulotwa","Goma-Rutshuru-Lubero",4,0,3,1,5570,488,0,414,11,"4,657",6,"33,977",135,4,4,,31,83,28,24,85,,72,,0,,,0,,,,,22,,,,,,,"10,414,012,014",0,0,1,0,0,0,0,0,0,0,1,0,0,0,1,0,0,1,0,0,,"Nord Kivu",,"Nord Kivu",,"Lubero",,"Batangi",,"Itala",,"Kayna",,,29.182,-0.663667,
106,"2014-01-24","2014-01-25","Minoro","Shabunda - Lulingu",8,3,3,2,772,227,545,,,,5,"3,860",0,4,,,14,0,22,44,84,51,,1,1,75,80,1,,,,28,28,,,,,,,"20,114,011,911",0,0,0,1,0,0,0,0,0,0,0,0,0,0,0,0,0,0,0,1,,"Sud Kivu",,"Sud Kivu",,"Shabunda",,"Bakisi",,"Bakiunga",,"Lulingu",,,27.335358,-2.703006,
107,"2014-01-24","2014-01-25","Rugetsi","Beni-Kasindi",4,0,1,1,1903,646,0,170,0,"1,257",6,"12,179",3,4,5,,4,,,,,,,,,,,,,,,,24,22,,,,,,"10,314,013,123",0,0,1,0,0,0,0,0,0,0,1,0,0,0,1,0,0,1,0,1,,"Nord Kivu",,"Nord Kivu",,"Beni",,"Ruwenzori",,"Malambo",,"Mutwanga",,,29.714056,0.223833,
108,"2014-01-22","2014-01-25","KAGABA","Bunia-Gethy",7,7,0,0,4249,"1,730","2,519",,0,,6,"23,722",506,,,,,,,,86,52,0,,,,,,,,,,,,,,,,,"30,501,221,411",0,1,0,0,0,0,0,0,0,0,1,0,0,0,1,0,0,1,1,0,,"Orientale",,"Ituri",,"Irumu",,"Walendu _Bindi",,"Baviba",,"Gethy",,"Kagaba",,,
109,"2014-01-23","2014-01-25","Bulindi","Nyanzale - Kanyabayonga",5,0,2,3,1512,154,626,,0,698,6,"9,616",42,4,4,4,35,94,61,21,73,85,75,0,0,79,80,1,,47,,34,24,23,23,39,50,42,,"1,031,401,206",0,0,1,0,0,0,0,0,0,0,0,0,0,0,0,0,0,0,0,0,,"Nord Kivu",,"Nord Kivu",,"Rutshuru",,"Bwito",,"Kanyabayonga",,"Birambizo",,,29.178722,-0.756472,
110,"2014-01-24","2014-01-25","Byanderema/Mirangi","Goma-Kikuku-Kanyabayonga",4,0,3,1,2009,311,0,0,0,"1,698",5,"10,045",,4,,,,,,,,,,,,,,,,,,,,,,,,,,"10,414,012,011",0,0,0,1,0,0,0,0,0,0,1,0,0,0,1,0,0,1,0,0,,"Nord Kivu",,"Nord Kivu",,"Rutshuru",,"Bwito",,"Mutanda",,"Birambizo",,,29.098722,-0.89275,"Il s'agit d'une évaluation rapide, raison pour laquelle plusieurs indicateurs ne sont pas disponibles."
111,"2014-01-22","2014-01-24","Kalemia/Lubiriha","Beni Kasindi",5,2,3,1,8681,284,0,,0,"8,433",6,"52,335",0,,,,,,,,,,,0,0,72,90,0,,0,,50,,,,,,,,"10,614,012,211",0,0,0,0,1,0,0,0,0,0,0,0,0,0,0,0,0,0,0,1,,"Nord Kivu",,"Nord Kivu",,"Beni",,"Ruwenzori",,"Basongera",,"Mutwanga",,,29.711444,0.038972,"Evaluation sur l'alerte à la localité de Kalemia au mois de janvier 2014"
112,"2014-01-23","2014-01-24","Lume","Beni-Kasindi",3,0,1,1,4477,525,0,105,0,"3,952",,,27,4,4,,,,,,,,,,,,,,,,,,22,21,,,,,,"10,314,013,122",0,0,1,0,0,0,0,0,0,0,0,0,0,0,0,0,0,0,0,0,,"Nord Kivu",,"Nord Kivu",,"Beni",,"Ruwenzori",,"Malambo",,"Mutwanga",,,29.724444,0.255972,
113,"2014-01-21","2014-01-23","Mapimo","Shabunda-Lulingu",7,3,3,1,2314,653,"1,661",,,,5,"11,570",0,4,,,14,0,32,40,61,16,,2,0,87,67,8,,,,32,26,,,,,,,"20,114,011,711",0,0,0,1,0,0,0,0,0,0,0,0,0,0,0,0,0,0,0,1,,"Sud Kivu",,"Sud Kivu",,"Shabunda",,"Bakisi",,"Bakiunga",,"Lulingu",,,27.129017,-2.267856,
114,"2014-01-22","2014-01-23","Lubiriha","Beni-Kasindi",2,0,1,1,8681,614,0,125,48,"8,067",6,"52,339",46,4,4,,15,,,46,,,,,,78,98,,,,,,21,20,28,,71,,,"10,314,013,141",0,0,1,0,0,0,0,0,0,0,1,0,0,0,1,0,0,1,0,0,,"Nord Kivu",,"Nord Kivu",,"Beni",,"Ruwenzori",,"Basongera",,"Mutwanga",,,29.682639,0.047583,
115,"2014-01-19","2014-01-22","Kanteba","Manono - Kanteba",10,0,5,5,4554,"1,607",0,0,0,"2,947",6,"29,133",68,4,4,0,38,73,15,3,69,,6,0,0,100,57,0,,15,22,22,26,24,,,,,,,0,0,1,0,0,0,0,0,0,0,1,0,0,0,1,1,0,0,0,1,,"Katanga",,"Tanganika",,"Manono",,"Kanteba",,,,"Manono",,,27.455,-7.294444,
116,"2014-01-21","2014-01-22","Masambo","Rwenzori",1,0,1,1,1566,390,0,63,27,"1,177",6,"8,848",27,4,4,,,,,,,,,,,,,,,,,,,,24,,,,,"10,314,012,011",0,0,0,1,0,0,0,0,0,0,1,0,0,0,1,0,0,1,0,0,,"Nord Kivu",,"Nord Kivu",,"Beni",,"Ruwenzori",,"Basongera",,"Mutwanga",,,29.686666,0.163306,
117,"2014-01-21","2014-01-22","Bibangwa","Marungu-Bibangwa-Kitoga",19,7,5,7,1054,0,"1,054",,0,,5,"5,270",60,4,,4,21,85,40,16,,41,,33,0,100,63,2,,56,75,100,21,,21,,,,,"20,209,011,411",0,0,1,0,0,0,0,0,0,0,1,0,0,0,1,0,1,0,0,1,,"Sud Kivu",,"Sud Kivu",,"Uvira",,,,,,"Bijombo",,,28.872944,-3.171944,
118,"2014-01-17","2014-01-19","Kalungamugabo","Penemende - Kimanu 2 Basonga - Katanga",16,12,3,1,834,0,834,,,,7,"5,721",39,4,,4,48,0,22,24,,0,,4,0,,,0,,13,,72,29,,29,,,,,"20,114,011,311",0,0,1,0,0,0,0,0,0,0,0,0,0,0,0,0,0,0,0,1,,"Maniema",,"Maniema",,"Kabambare",,,,,,"Kabambare",,,28.357139,-4.970361,
119,"2014-01-18","2014-01-19","Kitembe","Marungu-Kitembe-Bibangwa",16,7,5,4,1011,,"1,011",,,,5,"5,054",20,4,,4,38,74,25,9,,39,,,,99,61,1,,,12,71,19,,19,,,,,"20,209,011,412",0,0,1,0,0,0,0,0,0,0,1,0,0,0,1,0,1,0,0,1,,"Sud Kivu",,"Sud Kivu",,"Uvira",,,,,,"Bijombo",,,28.898333,-3.203722,
120,"2014-01-15","2014-01-19","zunguluka","Gethy-Boga",3,0,2,1,887,16,819,19,0,33,4,"3,422",15,4,4,4,45,10,0,2,,35,,0,0,38,23,33,,,,24,24,26,24,13,15,13,,"30,414,011,011",0,0,1,0,0,0,0,0,0,0,1,0,0,1,0,1,0,0,0,1,,"Orientale",,"Ituri",,"Irumu",,"Walese Vonkutu",,"Bandingili",,"Boga",,"Boga",29.856044,1.100681,"La MSA a été réalisée en zone retour par le partenaire Llocale du RRMP AJEDEC"
121,"2014-01-15","2014-01-17","Mutale","Chifunzi - Mutale",15,2,6,7,1103,0,"1,103",,,,7,"7,970",14,4,,4,33,75,45,6,,62,,0,0,98,85,307,,4,,77,22,,22,,,,,"20,114,010,211",0,0,1,0,0,0,0,0,0,0,0,0,0,0,0,0,0,0,0,1,,"Sud Kivu",,"Sud Kivu",,"Kalehe",,"Bahavu",,"Kalonge",,"Kalonge",,,28.500194,-2.317222,
122,"2014-01-14","2014-01-16","Katiri - Kalevya","Luofu-Luhanga-Kalevya",4,2,3,2,1136,177,224,,,735,6,"6,930",0,,,,,,,,,,,0,0,35,39,0,,,,20,,,,,,,,"10,614,011,411",0,0,0,0,1,0,0,0,0,0,0,0,0,0,0,0,0,0,1,0,,"Nord Kivu",,"Nord Kivu",,"Lubero",,"Batangi",,"Itala",,"Kayna",,,29.042667,-0.662222,"Évaluation sur l'alerte à la localité de Katiri au mois de janvier 2014"
123,"2014-01-15","2014-01-15","Lutingita","Goma - Kihambwe - Kibabi",9,0,7,2,5191,"1,690",65,968,0,"2,468",6,"30,627",152,4,4,,46,91,21,10,30,,,0,0,100,196,1,,10,400,100,19,17,,,,,,"10,414,010,613",0,0,0,1,0,0,0,0,0,0,1,0,0,0,1,0,0,1,0,0,,"Nord Kivu",,"Nord Kivu",,"Masisi",,"Bahunde",,"Mupfuni Karuba",,"Masisi",,,28.863889,-1.550667,"Ces indicateurs avaient été ressortis lors de l'évaluation du mois de novembre 2013.
"
124,"2014-01-08","2014-01-14","Ingbokolo","Aru - Ingbokolo",74,53,19,2,8298,"2,107",,"1,098",,"6,191",6,"50,901",80,,,,,,,,77,,8,,,,,,,,,,,,,,,,,"30,514,010,811",0,1,0,0,0,0,0,1,0,0,0,0,0,0,1,0,0,1,0,1,,"Orientale",,"Ituri",,"Aru",,"Kakwa",,"Kumuru",,"Adi",,,30.800173,3.416095,"Pour recueillir les données, nous avons quadrillé la zone d’accueil des IDPs par aires de santé, constituant les communautés écoles et 4 aires de santé regorgeant 32 localités (villages) étaient évalués et nous avons contrôlé 15 écoles. "
125,"2014-01-14","2014-01-14","Kanyenzuki","Goma - Kihambwe - Kinigi",8,0,7,1,2385,425,0,379,0,"1,581",6,"14,310",86,4,4,,60,80,10,1,8,,35,0,1,100,100,1,,8,170,77,19,17,,,,,,"10,414,010,612",0,0,0,1,0,0,0,0,0,0,1,0,0,0,1,0,0,1,0,0,,"Nord Kivu",,"Nord Kivu",,"Masisi",,"Bahunde",,"Mupfuni Karuba",,"Masisi",,,28.822861,-1.559361,"Ces indicateurs avaient été ressortis lors de l'évaluation du mois de novembre 2014, l'update fait ici c'est pour les données démographiques."
126,"2014-01-12","2014-01-14","Benyabemba","Lulimba – Penemende – Lulimba – Kalemie",18,12,3,3,1843,0,"1,843",,,,7,"12,919",67,4,,4,52,2,27,35,,91,,1,0,0,0,0,,0,,41,29,,23,,,,,"20,114,010,611",0,0,1,0,0,0,0,0,0,0,0,0,0,0,0,0,0,0,0,1,,"Maniema",,"Maniema",,"Kabambare",,,,,,"Kabambare",,,28.506306,-4.532778,
127,"2014-01-11","2014-01-13","Idunga","Kalonge-Bisisi-Idunga",18,2,6,10,744,0,744,,,,7,"4,962",23,4,,4,43,48,45,11,,66,,1,0,0,0,54,,12,,110,26,,26,,,,,"20,113,122,611",0,0,1,0,0,0,0,0,0,0,0,0,0,0,0,0,0,0,0,1,,"Sud Kivu",,"Sud Kivu",,"Shabunda",,"Bakisi",,"Bamuguba-Sud",,"Mulungu",,,28.368528,-2.362972,
128,"2014-01-13","2014-01-13","Bushuhe","Goma - Sake - Karuba",7,0,7,0,5099,45,924,45,0,"4,085",6,"31,104",59,4,4,3,40,70,57,7,7,0,68,0,0,95,89,0,,17,205,80,24,17,21,,,,,"10,414,010,611",0,0,0,1,0,0,0,0,0,0,1,0,0,0,0,0,0,1,0,0,,"Nord Kivu",,"Nord Kivu",,"Masisi",,"Bahunde",,"Mupfuni Karuba",,"Kirotshe",,"Karuba",28.969361,-1.579722,"Ces indicateurs avaient été ressortis lors de l'évaluation du mois de novembre 2014, l'update fait ici c'est pour les données démographiques."
129,"2014-01-09","2014-01-11","Basumba","Penemde - Nyembo - Kimanu",19,12,3,4,859,0,859,,,,7,"6,083",24,4,,4,66,57,23,58,2,,,5,1,,,0,,0,,47,37,,37,,,,,"20,114,010,212",0,0,1,0,0,0,0,0,0,0,0,0,0,0,0,0,0,0,0,1,,"Maniema",,"Maniema",,"Kabambare",,,,,,"Kabambare",,,28.111361,-4.345639,
130,"2014-01-08","2014-01-10","Cibinda","Bisisi - Cibinda",12,2,6,4,1414,0,"1,414",,,,7,"9,643",22,4,,4,26,45,52,6,,76,,0,0,110,81,1,,5,,68,25,,25,,,,,"20,113,122,911",0,0,1,0,0,0,0,0,0,0,0,0,0,0,0,0,0,0,0,1,,"Sud Kivu",,"Sud Kivu",,"Kalehe",,"Bahavu",,"Kalonge",,"Kalonge",,,28.397167,-2.278694,
131,"2014-01-05","2014-01-07","Bisisi","kalonge- bisisi",9,2,6,1,980,0,980,,,,7,"6,836",14,4,,4,37,40,49,5,,61,,0,0,88,99,1,,1,,110,27,,27,,,,,"20,113,122,912",0,0,1,0,0,0,0,0,0,0,0,0,0,0,0,0,0,0,0,1,,"Sud Kivu",,"Sud Kivu",,"Kalehe",,"Bahavu",,"Kalonge",,"Kalonge",,,28.446222,-2.343194,
